VIN,MODEL,COLOR,MAKE,YEAR
WAUEH64B61N727500,Quest,Khaki,Nissan,2002
1C6RD6GP7CS675720,Beretta,Violet,Chevrolet,1996
WAUHGAFC5FN897234,Civic,Yellow,Honda,2000
4A4AP3AU5DE804850,Celica,Goldenrod,Toyota,1996
WAUBH64B41N574280,Challenger,Turquoise,Mitsubishi,2003
WAUJT58E44A967801,Grand Am,Khaki,Pontiac,1999
WAUGL78E88A134594,Miata MX-5,Green,Mazda,1992
WAUTFAFH7AN067520,Sentra,Orange,Nissan,2003
WA1LMAFE2DD558371,Corolla,Mauv,Toyota,2007
WAURGAFD5DN902653,Z3,Yellow,BMW,1999
5UXFE43527L458060,Achieva,Goldenrod,Oldsmobile,1998
1N4AL2AP0BC002115,Grand Prix,Fuscia,Pontiac,1999
4USBU33588L134670,545,Crimson,BMW,2004
3N1BC1AP4BL770891,RL,Mauv,Acura,2005
SCBBR9ZA2CC921043,F250,Fuscia,Ford,2005
4A4JM2AS0AE044873,Murciélago,Yellow,Lamborghini,2010
WBA4C9C5XFD894530,Sprinter 3500,Pink,Mercedes-Benz,2012
JTDJTUD33ED084368,Outback,Red,Subaru,2010
SCBGU3ZA7DC265862,FJ Cruiser,Fuscia,Toyota,2012
WA1UFAFL7FA272856,H3,Puce,Hummer,2006
WAUBF48H78K819240,LeSabre,Goldenrod,Buick,1988
5FPYK1F56EB331476,B-Series,Pink,Mazda,1996
WVWGU7AN2CE993966,Sunbird,Puce,Pontiac,1989
2C4RDGBG8ER932572,Capri,Indigo,Mercury,1993
WBAPH77529N199339,Monterey,Teal,Mercury,2004
WAULFAFH5AN798334,Sable,Puce,Mercury,2000
JHMZF1C45BS340356,Justy,Teal,Subaru,1993
5J8TB2H5XCA527837,Z8,Purple,BMW,2002
5FPYK1F53EB486213,Boxster,Puce,Porsche,2000
5TFBW5F14DX586932,Silverado 2500,Maroon,Chevrolet,2010
JN8AZ2KR4BT101100,Protege,Crimson,Mazda,1998
WAUEF98E28A803176,Leone,Fuscia,Subaru,1987
WBAYA8C51DC559208,F250,Yellow,Ford,1998
19UUA66207A923756,Tacoma Xtra,Aquamarine,Toyota,2003
WAUXF98K89A270251,TSX,Green,Acura,2007
WP0CB2A84FS741935,S70,Turquoise,Volvo,1999
JN1AV7AR5FM857415,Lucerne,Aquamarine,Buick,2009
3FA6P0D95DR761357,X3,Teal,BMW,2012
WAUGN94F77N268587,Town & Country,Crimson,Chrysler,2008
3GYFNDE35ES678792,A8,Puce,Audi,2011
1G6DP567450773322,SL-Class,Red,Mercedes-Benz,2000
4T1BD1FK2EU898365,LeBaron,Orange,Chrysler,1993
JH4KB16607C412771,Eldorado,Goldenrod,Cadillac,1993
WBA3R5C58EK525775,Corvette,Purple,Chevrolet,1964
5N1CR2MMXEC722279,Fleetwood,Teal,Cadillac,1954
KL4CJCSB6DB476591,Golf,Teal,Volkswagen,1995
JN1AZ4EH4CM266010,300D,Maroon,Mercedes-Benz,1993
4T1BD1FK3FU142741,SL-Class,Teal,Mercedes-Benz,2012
YV4902BZ3C1079593,JUKE,Goldenrod,Nissan,2012
JN8AE2KPXE9485346,Sonoma,Purple,GMC,1993
WAUNF98P48A192603,Stratus,Indigo,Dodge,2003
1N6AD0CU4DN392042,Sportage,Yellow,Kia,1999
1FAHP2DW3AG127462,Swift,Violet,Suzuki,1999
19XFB2F52DE001134,Express 1500,Blue,Chevrolet,2003
JN1CV6FE2EM297005,Dakota Club,Yellow,Dodge,1998
WAUDL64F45N741480,Titan,Goldenrod,Nissan,2009
2B3CJ7DJ5BH066923,Grand Am,Orange,Pontiac,1996
JTDBT4K34CL709094,Focus,Red,Ford,2013
JHMZE2H30BS439630,600,Goldenrod,BMW,1959
5UXZW0C50C0482095,Colt,Blue,Dodge,1992
3C6TD5JTXCG741853,Nitro,Purple,Dodge,2010
1N6AF0KX5EN591303,Sierra 3500,Khaki,GMC,2000
KNAFX5A80E5877103,VS Commodore,Blue,Holden,1997
137ZA84391E631859,Astro,Green,Chevrolet,1992
WBAEV33475K199922,Forester,Red,Subaru,2012
137ZA83361E792218,Ram 1500,Teal,Dodge,1994
3D73Y4EL7BG781443,NSX,Violet,Acura,1996
SCFHDDAJ3CA440204,Gallardo,Puce,Lamborghini,2009
4T3BA3BB4CU920347,Justy,Orange,Subaru,1994
3D7JV1EP6AG878200,Avalon,Fuscia,Toyota,2003
JN8AE2KP2E9291748,Q,Maroon,Infiniti,2005
JN8AZ2KR0DT295479,Sienna,Blue,Toyota,1999
WBY2Z2C54EV681967,Boxster,Violet,Porsche,2010
5XXGM4A71DG050173,Armada,Violet,Nissan,2011
WBY2Z2C57EV081430,Sedona,Purple,Kia,2010
2HNYD2H35DH887396,Canyon,Violet,GMC,2012
JTJHY7AX0D4631830,Express,Purple,Chevrolet,2012
1GD12XEG0FF238025,QX56,Pink,Infiniti,2010
SCBGT3ZA1EC828909,2500,Orange,GMC,1993
4A31K3DT6AE939336,del Sol,Khaki,Honda,1994
KL4CJCSB1FB027208,Impala,Indigo,Chevrolet,2012
KNADH4A33B6395802,Pathfinder,Blue,Nissan,2000
WA1CGBFE4CD923967,Acadia,Purple,GMC,2011
5LMCJ1A93FU628383,Impala,Indigo,Chevrolet,2006
1FAHP2D85FG183864,SL-Class,Crimson,Mercedes-Benz,1985
JH4DC53093C942809,Murciélago,Blue,Lamborghini,2005
1G6AY5S38E0131379,F350,Mauv,Ford,2006
1GYS4FEJXBR949422,TundraMax,Khaki,Toyota,2011
WAUKF98E87A379892,745,Crimson,BMW,2004
WBA3R1C5XFF562393,LUV,Maroon,Chevrolet,1979
1C4RJEAG6DC250893,Cherokee,Turquoise,Jeep,1996
1GYS3JKJ6FR810520,Discovery,Crimson,Land Rover,2012
WAUMR94E68N532561,LeBaron,Orange,Chrysler,1995
19UUA65545A157832,Blazer,Red,Chevrolet,2001
WAUMGBFL6AA086191,Prius,Yellow,Toyota,2001
SCFFDABE1CG200539,Corvette,Fuscia,Chevrolet,2000
KMHGH4JHXCU203246,Equinox,Khaki,Chevrolet,2006
WA1DGBFE1BD362677,Celica,Indigo,Toyota,2002
WBAYA8C55ED622466,Ram 2500,Puce,Dodge,2010
19UYA42501A692872,Sierra 2500,Turquoise,GMC,2009
WAUFEAFM8DA978206,Trooper,Violet,Isuzu,1999
WDDLJ7DBXEA616830,Q,Aquamarine,Infiniti,1994
WBA3B9C55EJ669186,Sky,Blue,Saturn,2008
JH4NA21674T279466,Escape,Orange,Ford,2011
1GKS1FFJ7BR199771,S70,Aquamarine,Volvo,2000
JN8AZ1MUXCW843593,ES,Maroon,Lexus,2001
3CZRE3H34AG797109,Crossfire,Blue,Chrysler,2004
5GAKVDED4CJ522014,Eldorado,Orange,Cadillac,2002
1G4GC5G35FF792098,Familia,Pink,Mazda,1991
2B3CK3CV7AH925177,Grand Prix,Purple,Pontiac,2006
4T1BF1FK9EU685942,Grand Cherokee,Puce,Jeep,1999
5N1BA0NE2FN088065,XL7,Teal,Suzuki,2008
SCFHDDAJ4CA034674,Camry,Fuscia,Toyota,2009
1GTN1UEH4EZ387227,S60,Fuscia,Volvo,2003
3C63D3EL8CG573340,Mustang,Fuscia,Ford,2010
WA1C8AFPXEA361814,Miata MX-5,Mauv,Mazda,1996
1GYS3GEF9DR966459,88,Khaki,Oldsmobile,1999
1N4AB7APXEN052562,300M,Pink,Chrysler,2002
WAUKG68E25A768486,C-Class,Blue,Mercedes-Benz,2007
5N1AA0NC3AN095352,Escalade EXT,Teal,Cadillac,2010
WAULC68E04A501605,Avenger,Maroon,Dodge,1999
WBAVA33568P001651,Summit,Aquamarine,Eagle,1993
1GYFC26239R101736,Montero,Red,Mitsubishi,1993
JN1AZ4EH5AM994402,Aerostar,Indigo,Ford,1994
WAUDF98E38A013929,CX-7,Violet,Mazda,2009
5LMJJ2H57BE978278,Envoy XL,Aquamarine,GMC,2002
1GKS1HE05ER544076,Esprit,Fuscia,Lotus,1998
1C4AJWAG2FL407552,CR-V,Blue,Honda,2012
3VWML7AJ5CM090172,SC,Indigo,Lexus,1996
WBSPM9C53AE685736,Astro,Blue,Chevrolet,1999
SALVN2BG3FH610877,Sentra,Puce,Nissan,1991
WBA3B9C56DF333306,EXP,Purple,Ford,1986
WBA3B5G54FN377476,M6,Teal,BMW,2008
1G6AB5R36D0738340,Sierra 3500,Puce,GMC,2004
1G6KE54Y81U489820,Legacy,Orange,Subaru,1989
JN1AZ4EH6BM769259,Forester,Turquoise,Subaru,2004
SALGS2TF3FA503439,Vitara,Red,Suzuki,2000
WAUHF78P59A359358,5000S,Crimson,Audi,1987
5TDDK3DC1FS894386,Venza,Fuscia,Toyota,2010
SCFFDAAE3CG729301,GX,Crimson,Lexus,2010
WBALM7C51EJ915472,Tredia,Khaki,Mitsubishi,1987
WVWAP7AN7EE433408,Aerio,Turquoise,Suzuki,2003
4T1BF1FK5CU668438,Daewoo Lacetti,Maroon,Suzuki,2007
5TDDK3DC7CS105394,IS,Green,Lexus,2007
1C6RD7HT1CS850433,Forenza,Red,Suzuki,2004
WBANE53527B592752,Villager,Puce,Mercury,1996
1C4RDJAG2CC105901,Tribeca,Teal,Subaru,2006
SCFBF04B98G591260,LeSabre,Indigo,Buick,2000
1D7RV1CTXAS562908,Elantra,Turquoise,Hyundai,2003
5N1AA0NC2AN234578,Skylark,Aquamarine,Buick,1996
WBSDE93461B609260,Continental,Orange,Lincoln,1988
WBAGG834X1D440824,F-Series Super Duty,Yellow,Ford,2012
1GYEE437480907833,Tacoma,Yellow,Toyota,1996
1FTEX1E88AF505172,Cutlass Supreme,Red,Oldsmobile,1993
WBAGG83431D780882,Rio,Green,Kia,2009
WAUVKAFR1AA555687,GTI,Turquoise,Volkswagen,1989
5GAKRBKD8DJ807037,EX,Puce,Infiniti,2009
JN1AZ4EH4CM102742,S60,Crimson,Volvo,2012
5J8TB18578A735546,Navigator,Violet,Lincoln,2004
2G4WF551211504588,Uplander,Crimson,Chevrolet,2007
2C3CCABG1CH209983,XJ,Puce,Jaguar,2011
1GKUCFDJ5AR457743,599 GTB Fiorano,Green,Ferrari,2009
WAUMFAFLXAA717540,Avalanche 1500,Purple,Chevrolet,2005
2C3CCAPT8CH796513,G-Series G10,Pink,Chevrolet,1995
JN8AS1MU3AM235122,A8,Orange,Audi,2006
JH4CL95997C812615,Odyssey,Aquamarine,Honda,2005
1G6DX67D290760102,1500,Violet,GMC,1997
5N1AA0NC7CN141641,GLK-Class,Khaki,Mercedes-Benz,2012
2HKRM3H37DH793284,Cordia,Puce,Mitsubishi,1986
2C3CDXJG8CH116234,LeSabre,Pink,Buick,1998
1GYFC262X9R386967,325,Red,BMW,2004
WAUR2AFD2EN611236,Envoy,Maroon,GMC,2000
WBS3U9C58FJ461665,Savana,Teal,GMC,2010
1HGCP2E78AA281925,Passat,Khaki,Volkswagen,1991
5J8TB4H56GL942014,Pathfinder,Purple,Nissan,1994
SALSF2D44BA065312,X3,Khaki,BMW,2007
WBADN63421G065541,Pajero,Aquamarine,Mitsubishi,2005
1G6DP567850282445,Savana 2500,Khaki,GMC,2003
WBASN2C50BC408025,Passport,Orange,Honda,2001
JTEBU4BF7BK239716,Avalanche 2500,Orange,Chevrolet,2006
3VWJP7AT9CM184791,Probe,Goldenrod,Ford,1990
WA1LMAFE1AD497526,Galant,Purple,Mitsubishi,1984
YV440MBDXF1245493,H3T,Turquoise,Hummer,2010
1GYFK56219R397179,Esprit,Red,Lotus,1986
1G6AP5SX3F0281536,Caravan,Maroon,Dodge,1996
YV440MBM9F1108772,Spectra,Teal,Kia,2006
WAUAVAFA5AN337714,LS,Green,Lexus,2000
3D4PG3FG1BT630778,944,Blue,Porsche,1991
1GYFK56279R497772,riolet,Purple,Audi,1995
3N1CN7AP5EL198087,FX,Maroon,Infiniti,2012
WAUAF68E95A586475,Silverado 3500,Maroon,Chevrolet,2007
2HNYD18841H759393,Pajero,Pink,Mitsubishi,1985
WAUFFAFLXCN536832,G,Violet,Infiniti,1995
WAUUL68E25A827881,Legacy,Indigo,Subaru,1995
WDDLJ7GB9FA382306,Silhouette,Crimson,Oldsmobile,1994
WVGEF9BP2ED803438,430,Indigo,Maserati,1990
3D4PG4FB9AT395202,IS,Orange,Lexus,2004
1GKS1AEC3FR209076,Suburban 2500,Puce,GMC,1992
JTHDU1EF4D5661806,LX,Mauv,Lexus,1999
1FTEW1CW8AK751585,Festiva,Fuscia,Ford,1991
WDDHF5KB3FB312524,ES,Green,Lexus,2002
5NPDH4AE4FH434316,Caravan,Purple,Dodge,2005
JM1NC2LF6D0934338,Integra,Pink,Acura,1993
WBAEA53539C318775,Sidekick,Teal,Suzuki,1995
1N4AL2AP3BN190794,B-Series,Violet,Mazda,1987
WAUHE98P39A672570,Torrent,Blue,Pontiac,2006
JTDBT4K31B4137460,GT500,Puce,Shelby,1968
1C3CDZEG7CN808983,Laser,Turquoise,Plymouth,1991
1FTEW1C84AK579864,RAV4,Maroon,Toyota,2005
WAUMGBFL9CA047792,Skyhawk,Aquamarine,Buick,1986
WAUDH98E86A944613,Maxima,Turquoise,Nissan,1995
WDDHF5GB3AA365120,S40,Goldenrod,Volvo,2004
WA1CM94L09D240191,Concorde,Red,Chrysler,2001
WVGEF9BP6FD116383,Sentra,Puce,Nissan,1995
1N6AD0CU0FN592502,Escalade EXT,Indigo,Cadillac,2002
WDDHF5KBXEA053003,Mirage,Green,Mitsubishi,2001
WAUHF98P66A607088,GTO,Teal,Pontiac,1971
1G6DV5EP2B0048384,5 Series,Yellow,BMW,2010
3GYVKMEF7AG278776,Navigator,Red,Lincoln,2001
WBAKF3C50DJ895809,9-7X,Aquamarine,Saab,2005
WAULT54B23N310278,Navigator,Violet,Lincoln,2012
WAUKGBFB5BN053093,Skylark,Indigo,Buick,1994
2HNYD182X6H173350,Tredia,Green,Mitsubishi,1986
WA1CGAFE8ED431486,Villager,Teal,Mercury,1995
1N4AL2APXCN054583,Versa,Maroon,Nissan,2007
3N1AB6AP9BL717714,Town & Country,Yellow,Chrysler,2006
JM1CW2BL6F0781386,9000,Red,Saab,1994
WBAPM5C56BE498666,Vandura 2500,Indigo,GMC,1993
WVWED7AJ7CW233904,Lancer Evolution,Puce,Mitsubishi,2010
JHMZE2H75ES124068,Esprit,Red,Lotus,2002
WAUFFAFL9CA647833,Truck,Mauv,Mitsubishi,1995
JTEBU4BF8CK681700,Continental GTC,Goldenrod,Bentley,2007
1FTSX2B55AE935492,Loyale,Yellow,Subaru,1993
4T1BD1EB5FU762086,LS,Teal,Lexus,2011
JN1CV6EK1BM706579,Contour,Maroon,Ford,1995
JN1AV7AR3FM899730,XL7,Maroon,Suzuki,2008
WAUGL78EX5A617323,Envoy XL,Fuscia,GMC,2003
WAUGFAFR7BA259698,Familia,Crimson,Mazda,1986
1G4PR5SK0E4325257,Corvette,Turquoise,Chevrolet,1988
5TDDCRFH8ES190760,3500,Orange,GMC,1994
SCFLDCFP0EG695880,Navajo,Turquoise,Mazda,1992
WAUKH74F66N904517,Titan,Yellow,Nissan,2009
JN8AF5MR1FT742296,Sierra 1500,Purple,GMC,2001
WAUJT64B34N441525,i-370,Khaki,Isuzu,2007
3FAHP0CG1CR079437,del Sol,Maroon,Honda,1995
WAUBFAFL9AA313054,B-Series,Orange,Mazda,1988
WAULV44E17N621012,Camaro,Red,Chevrolet,1985
5TDDK3DC3BS895520,Topaz,Green,Mercury,1991
SCFFDAAM3DG401367,Esprit,Violet,Lotus,1986
5FNYF3H48EB854804,IS-F,Goldenrod,Lexus,2010
WBABV13474J064306,Sprinter 2500,Yellow,Mercedes-Benz,2011
3D7TT2CT1AG149753,Express 3500,Indigo,Chevrolet,2001
1FTWX3A55AE095027,5 Series,Teal,BMW,2004
1FTEW1C84AK292847,G,Red,Infiniti,1996
JN1AZ4FH3FM236919,LeMans,Mauv,Pontiac,1964
3C3CFFFH1FT369834,Corvette,Aquamarine,Chevrolet,1986
JTHCL5EF3F5462383,Jimmy,Khaki,GMC,1992
1C3CCBAB3CN949618,Patriot,Indigo,Jeep,2011
WAUJC68E44A255410,G35,Teal,Infiniti,2007
1G4GF5G32FF712330,Spyder,Purple,Maserati,1991
1FTEX1C85AF015100,riolet,Crimson,Audi,1995
WBAYA6C55FG854828,Esprit,Goldenrod,Lotus,2004
1D7CE3BK7AS673426,Sable,Violet,Mercury,1994
WAUGFAFR4DA982766,Lancer Evolution,Khaki,Mitsubishi,2002
1N6AF0LXXEN728069,911,Fuscia,Porsche,1987
1G6YX36D485803194,Sky,Goldenrod,Saturn,2008
2G4WD532251666003,Avanti,Khaki,Studebaker,1964
WAUXU54B62N030957,Avalon,Yellow,Toyota,2006
1N6AD0CU8AC925548,A5,Teal,Audi,2008
WBAYE4C57ED802724,Yukon,Yellow,GMC,2003
WVWAB7AJ8DW375989,F150,Fuscia,Ford,2002
5GADX23L45D720031,Exige,Teal,Lotus,2008
SCBCR7ZA0AC960235,GX,Red,Lexus,2006
JN1AZ4EH8FM838555,S40,Orange,Volvo,2010
KNADH5A35B6715563,Phantom,Fuscia,Rolls-Royce,2013
5NPET4ACXAH748787,Ram 3500,Yellow,Dodge,2010
1N6AF0KY3FN108191,S80,Yellow,Volvo,2011
1G6AB5R30D0334191,S-Type,Teal,Jaguar,2002
3FA6P0SU1FR209459,600,Green,BMW,1957
JH4KC1F52FC122017,Nitro,Orange,Dodge,2009
1N6AA0CJ9DN276317,Tracker,Indigo,Chevrolet,1999
1FT7W2A63EE917369,Sorento,Khaki,Kia,2003
KMHFH4JGXFA048111,Corvette,Goldenrod,Chevrolet,1954
WVGAV7AX0FW605194,Quattro,Violet,Audi,1993
WA1WMAFE8FD870131,Sorento,Purple,Kia,2007
3D7TT2CT8BG952593,Miata MX-5,Indigo,Mazda,2000
JN8AF5MR2BT077631,Intrigue,Blue,Oldsmobile,2000
2B3CA3CV3AH493450,Eldorado,Teal,Cadillac,1997
19XFB4F21EE974413,Tiguan,Fuscia,Volkswagen,2010
WA1EY74LX9D599971,RX,Indigo,Lexus,2004
WBAYF8C52ED415695,TT,Purple,Audi,2002
YV440MBD4F1296388,Mountaineer,Indigo,Mercury,1997
1N6AF0LX6EN393585,SL-Class,Indigo,Mercedes-Benz,2008
5XYKT3A17BG254097,Econoline E250,Crimson,Ford,1995
1GD422CG9EF325343,FJ Cruiser,Goldenrod,Toyota,2008
4T1BF3EK9BU563607,i-350,Goldenrod,Isuzu,2006
3C6LD5AT6CG283681,Eclipse,Yellow,Mitsubishi,1989
5FRYD3H6XGB078989,Acadia,Teal,GMC,2012
5UXFG43549L335969,V8 Vantage,Pink,Aston Martin,2006
WBA3R1C53EK341501,DeVille,Indigo,Cadillac,1997
JH4KC1F52FC436430,Range Rover,Blue,Land Rover,2009
1G6AJ1R38F0736202,F350,Goldenrod,Ford,1996
WAUFEBFM2BA563000,Sierra Hybrid,Orange,GMC,2006
SCFAB01A16G010169,Escalade,Green,Cadillac,2010
JTEBC3EH7D2164707,E150,Green,Ford,2007
1G6AH5S31F0155167,Savana 2500,Blue,GMC,2006
3GYFNKE45AS015455,9-3,Violet,Saab,2002
1G6KD57Y16U442313,Grand Prix,Pink,Pontiac,1976
5N1BA0ND0FN015171,Aztek,Orange,Pontiac,2002
3GYEK62857G174264,Jetta III,Yellow,Volkswagen,1995
WAUDL64F65N094841,Grand Prix,Goldenrod,Pontiac,1989
JH4KC1F38EC941482,Capri,Khaki,Mercury,1993
1G6AJ5S39F0192407,Firebird,Fuscia,Pontiac,1994
1FTEX1CM7DF279386,VUE,Khaki,Saturn,2003
19XFA1E80AE170279,3500 Club Coupe,Yellow,GMC,1993
WAUMGBFLXDA379497,Jetta,Blue,Volkswagen,1989
1GKUCEEF2AR583739,Windstar,Orange,Ford,2000
5N1AA0NC2DN203626,Previa,Khaki,Toyota,1996
WAUHGBFC8DN467202,RX-7,Red,Mazda,1990
4T1BF1FK9DU773131,Suburban,Fuscia,Chevrolet,2007
JTDKN3DP7F3637543,F250,Green,Ford,2002
1N4AB7AP0DN852348,S-Type,Pink,Jaguar,2002
1GYFC13219R050137,Express,Fuscia,Chevrolet,2011
WBAYM9C59ED875514,Shadow,Maroon,Dodge,1992
WAUJC58E45A235203,Contour,Red,Ford,1997
WDDGF5EB9BA053948,Intrigue,Teal,Oldsmobile,2001
WAURD68D22A270069,Grand Am,Khaki,Pontiac,1996
WBS3U9C52FJ639697,Rio,Red,Kia,2004
1GYS4BKJ1FR704348,Outback,Crimson,Subaru,2009
1G6DR57V080349146,Cavalier,Crimson,Chevrolet,2004
1G6KA5E64BU117935,MX-6,Khaki,Mazda,1989
SCBET9ZA8FC828739,Caprice,Goldenrod,Chevrolet,1994
YV4952CF6C1862784,Mountaineer,Yellow,Mercury,1999
WAUED64B61N604713,Jimmy,Yellow,GMC,1993
WA1LMBFE8BD103348,Maxima,Fuscia,Nissan,2010
WAUKF98E86A074407,Range Rover,Aquamarine,Land Rover,2011
1C3ADEBZ7DV016419,300D,Orange,Mercedes-Benz,1993
3N1AB6AP2AL125067,SC,Green,Lexus,2003
1D4PT7GX9AW279189,Dakota Club,Pink,Dodge,2001
WBAWB73507P865697,DBS,Crimson,Aston Martin,2011
WBA1K5C51FV190497,Phaeton,Yellow,Volkswagen,2005
3G5DA03E73S186260,D350 Club,Teal,Dodge,1992
3G5DB03L16S416858,STS,Pink,Cadillac,2006
WBA3B3G50EN340783,E-Class,Turquoise,Mercedes-Benz,2012
5N1AR1NB7BC300464,MR2,Red,Toyota,1993
1YVHZ8BA0A5795563,Mazda6,Purple,Mazda,2009
WAUEFAFL2DN924442,Eldorado,Crimson,Cadillac,1999
19UUA9F28CA033162,Golf,Blue,Volkswagen,1997
WAUKF78E28A752401,CC,Mauv,Volkswagen,2013
KNAGM4AD6D5665437,GTO,Orange,Pontiac,1966
3D73M4CLXAG400634,Grand Am,Fuscia,Pontiac,1995
1N6AF0LYXEN661952,X5,Green,BMW,2009
WAUNF78P47A719476,911,Orange,Porsche,1988
YV1612FS3E1020170,Express 1500,Pink,Chevrolet,2012
KNADH4A31B6314473,Accord Crosstour,Crimson,Honda,2011
SAJWA6AT6F8479166,Sonoma,Yellow,GMC,1993
2G4G05GV9B9280762,Ram 1500,Maroon,Dodge,1998
3GYFNBEY9AS856598,Corvette,Khaki,Chevrolet,2003
1FAHP2D81DG384576,9000,Violet,Saab,1994
1FTEW1CM2BF273706,Savana 2500,Khaki,GMC,1998
SAJWA8JHXEM950829,X5,Fuscia,BMW,2008
SAJWA6A73F8413760,Taurus,Green,Ford,1986
WAUDL64F65N377918,SL-Class,Puce,Mercedes-Benz,2000
WBAPH7C5XAE946437,911,Turquoise,Porsche,1992
1G6AZ5S3XF0576026,S80,Pink,Volvo,2003
1ZVBP8AM7B5634218,Savana,Pink,GMC,2007
1G6DL1E39D0922311,Econoline E350,Fuscia,Ford,1994
SALFR2BG7DH483430,Avalanche,Indigo,Chevrolet,2010
WVGAV7AX6CW758092,Esperante,Orange,Panoz,2006
WBA3B1C54DK919754,Concorde,Red,Chrysler,2003
WA1LFAFP7CA754138,E-Class,Turquoise,Mercedes-Benz,1988
1G4GG5G36DF569523,Avalanche,Orange,Chevrolet,2011
JH4NA12642T740578,LeSabre,Mauv,Buick,1996
3LN6L2G91DR286573,M-Class,Maroon,Mercedes-Benz,1998
1G6KD54Y15U461883,Silverado,Aquamarine,Chevrolet,2002
19UUA9E5XDA179608,Ridgeline,Blue,Honda,2006
5UXFE435X7L682693,Cabriolet,Violet,Volkswagen,1986
1G6AS5SX0E0495459,C-Class,Green,Mercedes-Benz,2012
1N6AD0CU9CC050371,G35,Crimson,Infiniti,2006
WDBSK7BA4CF551212,1500,Purple,GMC,1994
1G6AS5SX4E0462111,Wrangler,Teal,Jeep,2004
WBANU5C59AB600937,Impreza WRX,Yellow,Subaru,2011
1GD11ZCG7CF120552,Clubman,Goldenrod,MINI,2010
1G6AH5RX9F0277428,Explorer,Puce,Ford,1991
1N6AD0CW9EN310776,S-Series,Teal,Saturn,2001
1G6AH5R32D0988818,S-Type,Green,Jaguar,2002
WBAPH7C59AE834051,240SX,Orange,Nissan,1996
WAUDG68E05A070046,Mustang,Teal,Ford,1995
WAUEH78E37A110744,Forenza,Crimson,Suzuki,2007
JTJBC1BA4B2311608,Savana 1500,Turquoise,GMC,2002
1C4RDHEG3DC203081,Jimmy,Aquamarine,GMC,1996
1G6KF54931U081862,Express 2500,Maroon,Chevrolet,2003
WBAYE4C55FD971187,1500,Red,Chevrolet,1999
WAUVT68E94A628961,MPV,Aquamarine,Mazda,2004
1N4AB7AP4EN789112,S2000,Maroon,Honda,2009
JA32U2FUXFU840225,Laser,Red,Ford,1984
WDDHF0EB9EA144620,XC70,Red,Volvo,2003
3TMJU4GN5CM587444,S10,Violet,Chevrolet,1996
3TMJU4GN3FM607498,2500,Fuscia,GMC,1996
WBADX1C59DJ607117,Montego,Orange,Mercury,2006
3D73Y3HL0BG108614,Miata MX-5,Orange,Mazda,2011
1FTWW3DY0AE740952,Skylark,Turquoise,Buick,1994
JN8AZ2NC9B9889375,Alcyone SVX,Turquoise,Subaru,1997
WAUEG98EX6A589936,L-Series,Fuscia,Saturn,2001
JM1DE1HYXB0295842,Titan,Blue,Nissan,2006
JH4KB2F52BC956453,TL,Puce,Acura,2008
WBAHN83586D144291,Sorento,Aquamarine,Kia,2008
1GYUKFEJ9AR025048,Jetta,Yellow,Volkswagen,1996
WAURVAFD9CN132736,Accent,Crimson,Hyundai,2005
WAULFAFH1AN816196,Taurus,Mauv,Ford,1989
SAJWA4DCXEM187347,XJ,Indigo,Jaguar,2011
WDCYC3HF9FX981492,FJ Cruiser,Khaki,Toyota,2010
JH4KA96582C292638,Arnage,Goldenrod,Bentley,2006
5BZAF0AA4EN651507,Daewoo Magnus,Indigo,Suzuki,2006
1GYFC53219R860472,Sequoia,Khaki,Toyota,2009
2C3CDXEJ2EH869685,G37,Aquamarine,Infiniti,2008
JTHBP5C22A5941483,MX-5,Violet,Mazda,2004
2C3CCAGG1DH535244,Spectra,Crimson,Kia,2001
1GYS4AEF0CR828821,VUE,Orange,Saturn,2003
JM1NC2EF7A0163963,NSX,Maroon,Acura,1993
3C3CFFBR4ET631939,Mazda6,Khaki,Mazda,2003
1D7RE5GK4AS179345,GTO,Purple,Pontiac,1964
4USBU33506L418615,Grand Vitara,Turquoise,Suzuki,2006
3MZBM1U76EM693457,Canyon,Red,GMC,2004
WAUGL98E28A984183,S40,Pink,Volvo,2004
WAUR4AFD8CN873334,Z4,Blue,BMW,2010
JTHBP5C26D5124344,Viper,Teal,Dodge,2006
SALVP1BG0FH906928,E-Class,Teal,Mercedes-Benz,1985
1G4HP54K13U248368,Lancer,Red,Mitsubishi,2010
1C4RDJDG8FC374078,Equinox,Purple,Chevrolet,2010
55SWF4JB1FU863592,Bonneville,Turquoise,Pontiac,1964
3VWA17AU7FM077138,Esprit,Yellow,Lotus,1987
WAUXL58E34A434445,GTI,Orange,Volkswagen,1997
JH4DB75511S900533,X6 M,Yellow,BMW,2013
3D7TP2CT0BG576072,Suburban 2500,Green,Chevrolet,1992
3N1CN7AP6EK270596,Wrangler,Green,Jeep,1997
WAUGL98EX8A683533,Venture,Yellow,Chevrolet,1998
WAU3FAFR3DA059564,XK Series,Aquamarine,Jaguar,2005
WDDPK4HA0FF518005,Axiom,Pink,Isuzu,2003
WAULC68EX3A344163,Falcon,Fuscia,Ford,1966
JN8AZ1MU6CW090550,G5,Crimson,Pontiac,2007
5N1AT2MK2FC208127,Seville,Mauv,Cadillac,1998
WA1EY94L47D690520,Escort,Blue,Ford,1993
3D7TT2CT3BG945180,Leganza,Orange,Daewoo,1999
JM1BL1L35C1890716,Magnum,Orange,Dodge,2006
4T1BK1EB7FU268656,G,Red,Infiniti,2002
2T2BK1BA6EC185985,Ram 1500 Club,Crimson,Dodge,2000
WAUHGAFC3CN806909,GS,Yellow,Lexus,2006
2FMGK5BC8BB255566,Express,Mauv,Chevrolet,2009
WAUGL98E97A397512,Cordia,Khaki,Mitsubishi,1985
5YMGY0C56AL268685,S-Class,Mauv,Mercedes-Benz,2005
1FMCU0C74BK365193,4Runner,Maroon,Toyota,1994
3VWKP7AJ1EM473587,57,Crimson,Maybach,2009
JH4NA12664T798839,LHS,Indigo,Chrysler,1996
WAULC58E45A457944,Biturbo,Violet,Maserati,1986
WBAPM73519E817719,A3,Blue,Audi,2012
1FTMF1CW1AF313138,Precis,Purple,Mitsubishi,1992
JTDKN3DU3B0087579,626,Turquoise,Mazda,2002
WAUED54B91N291814,Land Cruiser,Green,Toyota,2013
2HNYD18854H861144,Escalade,Teal,Cadillac,2009
5GADX23L86D236784,500E,Purple,Mercedes-Benz,1993
SCBCP73WX9C852355,Suburban 1500,Pink,Chevrolet,1992
SCBCP73WX8C216842,G35,Goldenrod,Infiniti,2003
WBA4C9C57FD941139,E-Series,Orange,Ford,1991
SALFR2BG2EH444603,Impala,Crimson,Chevrolet,2008
WAURFAFR0AA434591,Dakota,Puce,Dodge,2008
1GTN1TEH1FZ185327,Tacoma Xtra,Pink,Toyota,2003
WUADUAFG6F7376897,G8,Green,Pontiac,2009
SCBCU7ZA2BC108064,Tracker,Pink,Chevrolet,2004
JN8AS1MU6CM188266,S-Series,Orange,Saturn,1996
WBAFV3C55ED792051,Riviera,Pink,Buick,1989
WBANW53519C426099,Taurus,Aquamarine,Ford,2003
1GYS3CEF5DR884382,Savana 3500,Pink,GMC,2007
3C6TD5NT6CG497600,Legend,Purple,Acura,1994
WVGFF9BPXBD455114,X5,Puce,BMW,2005
WVGAV7AX3CW453441,Viper RT/10,Yellow,Dodge,1995
WBAUP3C52BV265527,Monza,Red,Chevrolet,1975
WBAEP33475P055784,Town Car,Green,Lincoln,1986
1D7RW3BK3BS678020,Yukon,Khaki,GMC,2006
WAUWGAFB9BN938697,Concorde,Violet,Chrysler,2002
1FMJU2A52AE884132,Grand Am,Indigo,Pontiac,1998
1FTWW3B54AE221542,Achieva,Khaki,Oldsmobile,1998
WBA3A9C56FK596392,Caliber,Khaki,Dodge,2007
1GKKRNED6CJ126003,LeMans,Khaki,Pontiac,1990
19VDE1F53FE915249,Quest,Puce,Nissan,2007
1G4HE57Y07U090925,Avenger,Goldenrod,Dodge,1999
WAUMFAFL4CA814526,7 Series,Teal,BMW,1993
WAUMGBFL4BA270675,Liberty,Yellow,Jeep,2009
2C3CCAJG2EH595155,S2000,Red,Honda,2003
1FTNX2A52AE108502,Suburban 2500,Purple,GMC,1999
3D7TT2CT4BG268088,Santa Fe,Teal,Hyundai,2007
5GALRCED4AJ703923,S80,Purple,Volvo,2001
WBAKX6C5XBC128565,Blazer,Red,Chevrolet,2002
3FADP0L39AR711979,900,Yellow,Saab,1988
3VW4A7AT4DM068348,CLS-Class,Puce,Mercedes-Benz,2007
WAUEH94F27N291970,Optima,Khaki,Kia,2006
JA4AP3AU3BZ283537,STS,Fuscia,Cadillac,2009
WAUAH98E08A196459,X6,Crimson,BMW,2008
W04GN5EC4B1398823,Colorado,Purple,Chevrolet,2008
1G4HR57Y88U902266,Avanti,Indigo,Studebaker,1964
3N1CN7AP4EL665810,Passat,Green,Volkswagen,1995
JTDZN3EU5FJ662052,98,Blue,Oldsmobile,1996
WVWAA7AH3AV804571,Mazda6 5-Door,Mauv,Mazda,2006
WAUSGAFB8AN852049,Range Rover,Yellow,Land Rover,2007
2D4RN3DG4BR080223,Fit,Pink,Honda,2010
2T1BURHE4EC675980,CTS,Maroon,Cadillac,2004
KNDPB3A28C7621847,Venture,Purple,Chevrolet,2005
2T1BURHE6FC993102,Econoline E250,Crimson,Ford,2001
WBA3B3C55FJ794462,Express 1500,Blue,Chevrolet,2001
1D7RV1GPXAS007695,Flex,Aquamarine,Ford,2009
2G61N5S36F9610724,Corolla,Purple,Toyota,2005
19UUA9F7XEA625175,Outback,Fuscia,Subaru,2002
5J8TB3H36GL210197,LHS,Mauv,Chrysler,1994
WBAUT9C59AA967672,Leaf,Maroon,Nissan,2011
5J8TB3H54GL221510,Grand Prix,Crimson,Pontiac,1973
1G4GC5GG4AF240555,Prowler,Violet,Plymouth,1997
WVWGU7AN3CE897506,Savana 2500,Violet,GMC,1999
1G6AR5SX7F0478560,Navajo,Mauv,Mazda,1992
2V4RW3DG4BR187076,Sierra 3500HD,Pink,GMC,2006
1N6AD0CU5AC468309,LTD,Purple,Ford,1984
SCFBF03B88G059631,Terraza,Green,Buick,2005
WBAHL03576D768171,Tempest,Red,Pontiac,1965
3C4PDDEG0ET088283,Tucson,Aquamarine,Hyundai,2005
3C63DPJL2CG456009,Suburban 1500,Fuscia,Chevrolet,2010
3VW4T7AT2EM785844,L300,Crimson,Mitsubishi,1988
WAUDK78T78A761548,SJ,Goldenrod,Suzuki,1988
1G4HP54KX34575318,430 Scuderia,Khaki,Ferrari,2008
1G4GC5G37FF984073,Mazda3,Maroon,Mazda,2008
YV440MBD8F1495329,Rio,Mauv,Kia,2011
5NPEB4AC0CH970549,SRX,Violet,Cadillac,2006
WBABN33413P956929,Continental Mark VII,Purple,Lincoln,1988
1HGCP2E80AA724402,Sentra,Teal,Nissan,2000
4T1BD1EB7EU517594,F350,Fuscia,Ford,2004
WA1WKBFP3CA611878,S10,Crimson,Chevrolet,1999
WBA3A9C56EK338016,Savana 3500,Teal,GMC,2012
WAULT64B04N450756,Camry,Fuscia,Toyota,1994
1D7CW3BK5AS530259,Escape,Maroon,Ford,2006
WAULC68E95A678543,Voyager,Aquamarine,Plymouth,1993
2G4WD582561769667,Navigator L,Fuscia,Lincoln,2007
WBA1J9C51FV686183,Golf,Aquamarine,Volkswagen,1987
3VW467AT3DM488488,Silverado 2500,Violet,Chevrolet,2006
3VWML7AJ8CM300117,Mulsanne,Aquamarine,Bentley,2012
1GKMCAE31AR272222,100,Maroon,Audi,1990
SALME1D4XCA223756,Malibu,Violet,Chevrolet,2006
WBAVB73538K689772,RX,Purple,Lexus,2009
JTDZN3EU5D3243412,Lucerne,Aquamarine,Buick,2011
YV1612FH2E2452022,Grand Prix,Indigo,Pontiac,1989
19UYA42481A626061,Murciélago,Blue,Lamborghini,2007
1ZVBP8JS7B5887571,Integra,Goldenrod,Acura,1993
WAUJC58E65A156194,Cutlass Supreme,Khaki,Oldsmobile,1992
WAUNF98P46A987213,Malibu,Teal,Chevrolet,2006
1GYS4TKJ5FR999878,Camaro,Indigo,Chevrolet,1981
1FTMF1E84AF070925,MPV,Green,Mazda,2002
NM0KS9BN5CT382185,Colt Vista,Green,Plymouth,1993
5N1AR2MMXFC719178,Sportage,Mauv,Kia,2010
WBABN33413P965923,Intrepid,Goldenrod,Dodge,2004
WA1AY94L19D988878,Veracruz,Mauv,Hyundai,2011
2C3CA6CT6BH965628,F250,Purple,Ford,2000
3VW4T7AT7EM704952,Dakota,Red,Dodge,2011
JN1CV6EK7AM404907,Rendezvous,Blue,Buick,2007
3D7TT2CTXAG592788,Silverado 1500,Aquamarine,Chevrolet,2005
WP0AB2A90FS269054,E150,Aquamarine,Ford,2010
WBAVD53588A791122,C-MAX Hybrid,Puce,Ford,2013
5J8TB3H53DL511376,Paseo,Pink,Toyota,1994
5FRYD4H9XGB529113,Xtra,Yellow,Toyota,1994
1GD22XEG9FZ517606,Exige,Pink,Lotus,2011
WBA6B8C50ED702259,Express 3500,Red,Chevrolet,2008
WA1C8BFP9FA945841,LS,Teal,Lexus,1989
WDBWK5EA8BF989313,Passat,Mauv,Volkswagen,2007
JM1GJ1U54F1047722,SRX,Mauv,Cadillac,2005
WBA3A5C51EJ351321,Ram Wagon B150,Aquamarine,Dodge,1994
1G6AB5SAXF0546267,900,Puce,Saab,1994
5J6TF1H3XCL901910,Commander,Teal,Jeep,2007
SAJWJ0FF6F8545392,A8,Puce,Audi,1998
WAUVT58E55A220310,Neon,Aquamarine,Plymouth,2000
1G4GB5ER9CF674626,760,Mauv,BMW,2005
1GKS1EEF9BR096424,Matrix,Red,Toyota,2007
1G6D25EY3B0111705,New Beetle,Khaki,Volkswagen,2008
19UUA9E59DA620886,Express 1500,Aquamarine,Chevrolet,2005
1GYEK63N03R773443,Tundra,Green,Toyota,2007
WAULFAFH4AN310443,Golf,Teal,Volkswagen,1989
1GYFK63898R869612,Xtra,Pink,Toyota,1995
1N6AD0CU8CN667488,Mazda6 5-Door,Crimson,Mazda,2006
19UUA8F24EA697827,GTO,Fuscia,Pontiac,2006
1N4AA5AP6CC129914,Frontier,Puce,Nissan,2002
WAUVT58E23A034205,Grand Caravan,Puce,Dodge,1992
JTHBE1BL7FA763917,XJ,Violet,Jaguar,2011
1GTG5BE30F1058014,Freestyle,Aquamarine,Ford,2006
2G4WB52KX21204131,Avanti,Goldenrod,Studebaker,1962
TRUB3AFK2D1702180,E-Series,Yellow,Ford,2007
1C3BC7EG2BN899680,Econoline E350,Teal,Ford,1993
2G4WE587361098735,LTD,Turquoise,Ford,1986
WBAPH5C52BA794344,Ram 1500 Club,Red,Dodge,1999
19VDE1F52FE924881,Maxima,Turquoise,Nissan,2011
WBAWL13567P556780,XC70,Turquoise,Volvo,2012
JHMZF1D64ES882665,Caprice,Purple,Chevrolet,1991
5J8TB4H5XGL954117,Durango,Maroon,Dodge,2007
JH4CU2E88CC707909,Odyssey,Indigo,Honda,2012
KL4CJBSB6DB911121,370Z,Fuscia,Nissan,2009
19UUA8F3XEA271181,Impala,Pink,Chevrolet,2001
WDDUG7JB9FA807731,Familia,Yellow,Mazda,1988
JTDKN3DU7A0136071,Q7,Indigo,Audi,2012
WDDHH8JB8FB106919,Grand Voyager,Red,Plymouth,1997
19UUA9E57EA145787,QX,Green,Infiniti,2011
3N1CN7APXDL361735,Quest,Violet,Nissan,1998
5N1AN0NU6FN969598,Forenza,Indigo,Suzuki,2008
WAUFFBFL0CN953138,Yukon,Violet,GMC,1992
2C3CDZFJ8FH184070,Crown Victoria,Blue,Ford,2011
1GD021EG0FZ848966,Mustang,Fuscia,Ford,2001
WA1VFBFL4EA836455,M,Purple,Infiniti,2008
KNDJN2A24E7491866,Grand Prix,Fuscia,Pontiac,2003
19UYA42522A402598,Taurus X,Puce,Ford,2008
3GYFNKE68BS568877,4Runner,Red,Toyota,1993
1G6KD57Y06U349038,Cooper,Turquoise,MINI,2011
3GYFNFEY7BS041454,Altima,Blue,Nissan,1997
5UXFG8C58BL404787,Ranger,Red,Ford,1992
1G4GD5ER5CF532137,9-7X,Green,Saab,2008
SCBFT7ZA1EC164484,Sportage,Mauv,Kia,1999
1B3CB3HA3AD062008,Lancer,Aquamarine,Mitsubishi,2004
5N1AA0NE3FN861461,Diablo,Crimson,Lamborghini,1999
WAUDH98E78A606977,760,Khaki,BMW,2006
WBAWC33568P317503,Maxima,Teal,Nissan,1993
WAUDGAFL6BA704704,SL-Class,Purple,Mercedes-Benz,1990
JTEBU5JR2F5301688,Trans Sport,Indigo,Pontiac,1993
3N1CN7AP9EL928454,G3,Purple,Pontiac,2009
1N6AD0CU0AC714179,B-Series Plus,Turquoise,Mazda,1993
WBALW7C59ED791783,Aspire,Yellow,Ford,1996
JHMZE2H37DS528419,Coachbuilder,Aquamarine,Buick,1992
SAJWA4DC6BM499354,Hombre Space,Goldenrod,Isuzu,1998
SCBDC47L29C989031,Sorento,Pink,Kia,2009
1FTSX2A5XAE656492,Cutlass Supreme,Khaki,Oldsmobile,1994
19UUA65604A487071,Brat,Red,Subaru,1986
2G4WC582961484859,Lancer,Mauv,Mitsubishi,2008
WAUBF48H88K878099,968,Pink,Porsche,1995
WBABD53435P392735,Veracruz,Crimson,Hyundai,2010
5J6TF3H59FL039927,4Runner,Blue,Toyota,2008
WAUVT58E62A367991,Century,Crimson,Buick,1998
JTHDU1EF0C5850449,Ram Van 2500,Turquoise,Dodge,1999
JH4DC54862C000736,Rogue,Pink,Nissan,2012
1C3CDWDA2CD791365,Continental Super,Purple,Bentley,2012
4JGBF2FB8AA839672,Corvette,Maroon,Chevrolet,1992
3C63DPAL5CG899075,Terraza,Blue,Buick,2007
5TDBCRFHXFS042070,Silverado 2500,Puce,Chevrolet,2002
WBANN73597C861593,XC70,Yellow,Volvo,2006
WBANU5C57AC278700,MX-5,Orange,Mazda,1991
3FA6P0PU3ER738614,Sportvan G30,Orange,Chevrolet,1996
SCFEBBAK7EG138842,M5,Pink,BMW,2002
KMHTC6AD8EU318078,Taurus,Mauv,Ford,1986
WBAKE3C58CE294111,2500 Club Coupe,Indigo,GMC,1995
1G6DL1E30C0334831,Premier,Green,Eagle,1992
1N6AA0CA1DN073910,Diablo,Yellow,Lamborghini,2001
1C4SDJCT0DC867380,Sebring,Violet,Chrysler,2002
SALAG2D43BA959925,80,Violet,Audi,1989
1G6AB1RX2F0709514,Aries,Maroon,Dodge,1981
4A4AP3AU9DE516412,RX-8,Green,Mazda,2006
WAUKFBFL5BN114356,Firebird Formula,Mauv,Pontiac,1992
WBANV1C57AC940099,Lucerne,Aquamarine,Buick,2009
1G6KD579X8U737986,760,Khaki,BMW,2005
2C3CDXCT8CH707030,Aztek,Maroon,Pontiac,2004
3D7LP2ET5AG179761,S80,Green,Volvo,2001
WAUDFAFC7EN954498,200SX,Aquamarine,Nissan,1998
19VDE1F36DE126072,Savana 2500,Green,GMC,2012
WAUHFAFLXBA836059,R-Class,Yellow,Mercedes-Benz,2007
YV1952AS7E1031827,Discovery Series II,Goldenrod,Land Rover,2001
1G6AX5SX6F0035385,Jimmy,Orange,GMC,1998
1FTNX2A53AE519388,F250,Fuscia,Ford,2002
WAUHE78P78A751355,Colorado,Khaki,Chevrolet,2011
WBAWL1C54AP431767,Elise,Indigo,Lotus,2004
2FMDK3GC4BB952166,LeMans,Orange,Pontiac,1965
1C4NJPBA5FD964273,3500,Turquoise,Chevrolet,1997
WBAAN37441N398783,645,Puce,BMW,2005
WAUMK78K99A233857,XC60,Orange,Volvo,2009
3C3CFFCR3FT024835,Versa,Red,Nissan,2009
1B3CB1HA7BD633618,Sienna,Red,Toyota,2002
5NPEB4AC2BH260650,Civic,Teal,Honda,1990
WAUUL58E05A065385,Tempo,Turquoise,Ford,1991
WAUJT64B44N907334,Discovery,Aquamarine,Land Rover,1999
2T1KE4EE0DC820614,944,Khaki,Porsche,1989
3D73M4HLXAG773360,Q7,Fuscia,Audi,2009
ZFBCFACH0FZ725835,Caravan,Blue,Dodge,1992
KNAFT4A22A5723231,Range Rover,Orange,Land Rover,1993
WAUFFAFL3AN643573,E-Series,Goldenrod,Ford,2011
5UXFE8C50AL455348,R32,Teal,Volkswagen,2008
3VW517AT8FM289183,Equus,Aquamarine,Hyundai,2012
1G6DK5E38D0896679,Blazer,Turquoise,Chevrolet,1997
JTJHY7AX5E4389652,599 GTB Fiorano,Green,Ferrari,2007
3C63DRGL9CG341278,9-3,Blue,Saab,2005
1G6DJ1E30C0449290,Town Car,Indigo,Lincoln,2001
WBA4B1C5XFG250769,VUE,Yellow,Saturn,2010
5GADV33L45D232239,Silverado 1500,Pink,Chevrolet,2011
1FTEW1C82FK189787,MX-5,Goldenrod,Mazda,2003
WAUSH98E87A519109,Esprit,Yellow,Lotus,2002
1D7RE3BK6AS037557,Quest,Pink,Nissan,2009
4USBT335X4L271350,GX,Goldenrod,Lexus,2012
WAUKH94F28N680192,Solara,Indigo,Toyota,2000
WBAEW53453P259463,B-Series,Turquoise,Mazda,1988
1G6DH8E37E0273524,TL,Purple,Acura,1997
2C3CDYBT8CH153902,Thunderbird,Violet,Ford,1967
1HGCP2E33AA032347,400SEL,Red,Mercedes-Benz,1993
JN8AF5MR9BT636981,Bravada,Orange,Oldsmobile,1999
WBALM7C50DE727209,CC,Mauv,Volkswagen,2011
JN8AE2KP1F9639329,Sable,Blue,Mercury,1994
1FTEX1CM5DF206825,Accent,Indigo,Hyundai,2000
5GAER23798J970467,GranTurismo,Purple,Maserati,2011
3C4PDDBG2CT005339,MPV,Goldenrod,Mazda,1993
3C6TD5JT3CG083986,E-Series,Crimson,Ford,2010
WVGAV7AX0CW679582,Diamante,Purple,Mitsubishi,2003
1FMEU3DE9AU594043,Capri,Teal,Mercury,1992
JN1CY0AP7AM526057,Crown Victoria,Green,Ford,2006
WAUEH48H98K654864,Ram Van 1500,Green,Dodge,2002
1GYS3KEF7BR974933,Achieva,Yellow,Oldsmobile,1997
JTEBU5JRXD5884170,Civic,Pink,Honda,2003
WAUVT64B02N245315,Aveo,Purple,Chevrolet,2007
5FRYD3H44GB881070,Park Avenue,Green,Buick,1993
1C3BCBGG4EN451526,Thunderbird,Aquamarine,Ford,1996
1G6KD54Y63U131699,Escort,Puce,Ford,1986
2HNYB1H24AH723169,Cherokee,Red,Jeep,1999
WAUWFAFH5DN458781,Scoupe,Fuscia,Hyundai,1993
2C3CDXEJ8EH973792,Sable,Fuscia,Mercury,2005
5N1AN0NWXEN308589,Pacifica,Turquoise,Chrysler,2005
WA1LGBFE7CD922800,Camry,Red,Toyota,1996
WAU4FAFR1AA221305,C-Class,Purple,Mercedes-Benz,2001
1FAHP3EN2AW771925,C-Class,Red,Mercedes-Benz,2010
1FBNE3BL0ED490022,Mighty Max,Purple,Mitsubishi,1995
WAUAF78E97A124006,Explorer,Indigo,Ford,2002
SCFFDABE4CG494843,S10,Orange,Chevrolet,2002
5N1BA0NC1FN200658,Discovery Series II,Red,Land Rover,2002
5NPEB4AC3EH261987,E-Class,Indigo,Mercedes-Benz,2002
1G4GA5GR0CF836000,Taurus,Goldenrod,Ford,2009
WA1CV94L29D224474,E-Series,Khaki,Ford,1988
1G6DW6ED1B0369776,Familia,Orange,Mazda,1989
WBSKG9C53DJ169986,F450,Violet,Ford,2012
4USBT33463L071345,C70,Fuscia,Volvo,2010
JTHFE2C2XA2788178,525,Turquoise,BMW,2001
WA1EY74L17D279645,2e,Green,Aptera,2009
1FTEX1C84AF601352,Regal,Pink,Buick,2002
WBA3B5G57EN751755,Navajo,Orange,Mazda,1993
WAUBH78E26A132395,Highlander,Yellow,Toyota,2008
WBSBR93405P723937,Ram 50,Blue,Dodge,1992
WA1BV94L37D467185,G-Class,Purple,Mercedes-Benz,2004
WAUHF78P68A948188,Rondo,Crimson,Kia,2008
2T1BURHE9EC140014,RX-7,Crimson,Mazda,1987
WUADUAFG7F7787807,Daewoo Magnus,Maroon,Suzuki,2004
WAUXD68D01A290729,Silverado 1500,Red,Chevrolet,2006
1G6AF5SX0D0071007,4Runner,Blue,Toyota,2010
JM1NC2EF4A0151205,Dakota Club,Mauv,Dodge,2004
WA1VKBFP8AA578269,Lancer,Teal,Mitsubishi,2011
KMHHT6KD0CU810430,Talon,Fuscia,Eagle,1992
WBA3A9G55FN305888,Sierra 2500,Khaki,GMC,2006
1G6AB5SA6D0533917,VehiCROSS,Fuscia,Isuzu,2000
WVGAV3AX7DW890739,Sonata,Maroon,Hyundai,1993
JN8AF5MR4CT871256,Ranger,Red,Ford,2006
WBAVB77548N788576,Golf,Goldenrod,Volkswagen,2000
WBAKP9C59FD585126,Hombre Space,Puce,Isuzu,2000
3C3CFFJHXFT182857,Sentra,Indigo,Nissan,2009
KNDPB3A24C7319553,Tiburon,Maroon,Hyundai,2007
WAUAH68D81A326533,Bonneville,Blue,Pontiac,1994
1N6BF0KX1FN571877,Impala,Indigo,Chevrolet,2005
JN8AE2KP3F9948106,Grand Am,Turquoise,Pontiac,2003
5GALRBEDXAJ987942,F150,Indigo,Ford,2008
YV126MED9F1035336,4000,Maroon,Audi,1987
3GYFK66N75G178902,XC90,Blue,Volvo,2004
YV4940BL0D1495431,Grand Prix,Puce,Pontiac,2002
WAUKH78E88A179918,626,Purple,Mazda,2001
JH4DC53023S505501,Tacoma,Maroon,Toyota,2010
JN8AE2KP6B9885853,Forte,Pink,Kia,2012
WAUVFAFH1DN168940,Fox,Red,Volkswagen,1993
JN1BY0AR1AM010127,924,Maroon,Porsche,1988
WA1EY94LX9D241605,G-Series G10,Indigo,Chevrolet,1994
WVWAB7AJ7CW772687,Liberty,Turquoise,Jeep,2007
WBAWC7C56AE716470,Lancer Evolution,Aquamarine,Mitsubishi,2008
JN8AF5MR9DT965375,Escalade ESV,Violet,Cadillac,2010
3GYFNEEY0AS421163,Sable,Turquoise,Mercury,1986
3C6LD5BT8CG255847,Aviator,Maroon,Lincoln,2005
5UMBT93508L290550,Eldorado,Red,Cadillac,1992
1G6DK5EY7B0778082,S10,Teal,Chevrolet,1998
WAUJC58E54A996661,Relay,Khaki,Saturn,2007
1FTWW3B52AE616772,Titan,Mauv,Nissan,2008
5J8TB4H52DL333143,Freelander,Fuscia,Land Rover,2005
WBAGJ03461D156092,Crown Victoria,Turquoise,Ford,2002
JM3TB2BA9E0381953,HHR,Crimson,Chevrolet,2007
5TDBW5G12ES106036,Previa,Mauv,Toyota,1997
WA1DKAFP2CA916354,Avenger,Fuscia,Dodge,2010
SAJWA4DC1EM311912,Suburban 2500,Violet,Chevrolet,1997
WAUDL74F75N902300,Vantage,Pink,Aston Martin,2009
5XYKT3A13DG081021,Tempo,Fuscia,Ford,1994
3VW8S7AT1FM460110,G-Series G30,Purple,Chevrolet,1994
1FTEW1CM0BF287572,TrailBlazer,Goldenrod,Chevrolet,2006
WBAEV33424P776079,Suburban 1500,Green,Chevrolet,2008
KMHTC6ADXEU782022,GLK-Class,Puce,Mercedes-Benz,2011
WA1VMAFE3FD239993,Caprice,Maroon,Chevrolet,1977
YV1612FH0E1055107,Space,Puce,Mitsubishi,1984
WVWAN7AN7DE040707,Dakota Club,Red,Dodge,1997
3C4PDDEG8CT535200,ES,Yellow,Lexus,2012
2HNYD18686H464769,Titan,Khaki,Nissan,2008
SCFEFBAC8AG446724,Explorer,Pink,Ford,2006
WBABW53425P503446,Fiesta,Teal,Ford,2001
WAUPEAFM3BA056119,Mystique,Violet,Mercury,1997
WAULC58E35A986835,Mentor,Green,Kia,1997
JN1AZ4EH3CM003202,Odyssey,Puce,Honda,2007
1LNHL9DK9EG172161,Corolla,Blue,Toyota,1995
YV4902DZ5D2293347,Golf,Purple,Volkswagen,1984
WAUXL58E04A102642,Savana 3500,Puce,GMC,1996
SAJWA0FBXBL123338,A6,Goldenrod,Audi,2010
1G4PP5SK3D4813865,QX56,Maroon,Infiniti,2011
2HKRM3H30EH671691,Vitara,Violet,Suzuki,2004
WAULC68E55A223317,GS,Puce,Lexus,2003
WAUDF98E47A089352,S-Type,Orange,Jaguar,2007
19VDE1F5XEE479708,Protege,Red,Mazda,1996
KM8JT3AB9DU397747,Lancer,Blue,Mitsubishi,2008
2G4GT5GR6D9833171,Cabriolet,Purple,Audi,1994
ZHWGU5AU5CL441280,3500,Maroon,Chevrolet,1995
WBAEW53453P527346,Equus,Goldenrod,Hyundai,2013
WAUDN94F58N991469,Firebird,Orange,Pontiac,1998
WBAFR7C54CC079317,Grand Vitara,Pink,Suzuki,2002
3D73Y3HL3BG287151,323,Indigo,Mazda,1992
TRUUT28N051993995,F350,Pink,Ford,2005
4JGDF2EE9DA819682,TSX,Red,Acura,2005
JN8AF5MRXCT553819,PT Cruiser,Red,Chrysler,2006
1G4HE57Y46U541689,Sentra,Turquoise,Nissan,2003
1FMJK1H5XDE720346,Astra,Fuscia,Saturn,2009
WBALZ3C51CD656651,Grand Prix,Purple,Pontiac,1975
WAUEF48H17K052495,Leganza,Blue,Daewoo,2000
1GTN1TEH0EZ002711,QX,Fuscia,Infiniti,2004
JTEBU5JRXF5809309,100,Teal,Audi,1990
1FMJU1J56AE243978,Ram Van B350,Violet,Dodge,1992
WBAGN835X4D724621,A6,Crimson,Audi,2000
1YVHZ8BH2A5128877,1500 Club Coupe,Green,GMC,1995
JHMZF1C61ES946890,Amanti,Turquoise,Kia,2004
WBAFA535X1L245350,Econoline E350,Khaki,Ford,1995
1G6KE54Y62U444103,458 Italia,Fuscia,Ferrari,2012
KMHTC6AD4DU730464,Sportage,Mauv,Kia,1999
1G6DP5E37D0452856,Grand Voyager,Indigo,Plymouth,1999
JTEBU4BF7EK579503,XLR,Crimson,Cadillac,2005
19XFB4F29DE522997,ZDX,Teal,Acura,2011
WBAVB73598F740488,Passat,Violet,Volkswagen,2002
3C63DRLL3CG355604,Yukon,Turquoise,GMC,2000
SCBET9ZA0FC192544,944,Pink,Porsche,1987
1GYS3NKJ9FR497793,Cavalier,Purple,Chevrolet,1999
1N6AA0EC1DN156011,Colorado,Pink,Chevrolet,2010
KNADH5A33B6618202,M,Khaki,Infiniti,2011
1C3ADEAZ7DV487391,Golf,Violet,Volkswagen,2006
WBAEV33405K010284,Coachbuilder,Mauv,Buick,1990
WBADT63431C592291,TT,Orange,Audi,2011
5NPDH4AEXBH600624,Corrado,Aquamarine,Volkswagen,1993
2T1BPRHE6EC600642,rio,Goldenrod,Volkswagen,1997
WAULT58E25A330061,Silverado 3500,Red,Chevrolet,2002
WA1WYAFE8AD908423,Discovery,Green,Land Rover,2008
1GT010CGXCF373327,Yukon XL 1500,Violet,GMC,2007
WAUNF68P06A582044,Chariot,Pink,Mitsubishi,1988
KNAFK4A69E5601526,928,Red,Porsche,1988
WAUKG68E05A327908,RX,Purple,Lexus,2011
5N1BA0ND8FN601696,C70,Green,Volvo,2001
WBXPC9C4XAW806583,SSR,Turquoise,Chevrolet,2003
5N1AT2MK0FC840186,Passat,Indigo,Volkswagen,1985
WAUVVAFR8CA768615,300,Mauv,Chrysler,2008
1G4HF57989U026804,Econoline E150,Blue,Ford,1995
WA1DKAFP7BA775294,Q7,Aquamarine,Audi,2008
WBAPK7G56BN580280,Cooper,Red,MINI,2002
YV440MBM5F1263531,S-Series,Turquoise,Saturn,1996
JN1AZ4EH2DM664558,Sebring,Aquamarine,Chrysler,2001
2C3CDXFG4DH976058,Sky,Violet,Saturn,2009
3VW4T7AT3EM909961,C30,Goldenrod,Volvo,2012
1G6DU6EA3A0211515,Jetta,Orange,Volkswagen,1988
WBA6B2C55FG575666,B-Series,Khaki,Mazda,2008
JH4DC53813S193709,Eos,Pink,Volkswagen,2007
WBAEB5C51AC246542,Sportage,Maroon,Kia,1995
WBAKG7C59CE762610,Clubman,Orange,MINI,2012
WAUMV44E47N980956,A8,Yellow,Audi,1997
YV4852CTXA1080843,Oasis,Turquoise,Isuzu,1998
YV426MDB3F2501937,Freelander,Puce,Land Rover,2011
JTDKN3DP8F3562626,Discovery Series II,Goldenrod,Land Rover,1999
2C3CDYBT9EH182103,Matrix,Orange,Toyota,2007
1FAHP2DW8CG146043,R8,Violet,Audi,2012
4T1BD1FK5DU975289,Equator,Khaki,Suzuki,2010
WBAAW33461E991306,7 Series,Blue,BMW,1998
1C4NJCBA5FD901733,Mustang,Green,Ford,2003
1FTSW3A51AE739494,300M,Indigo,Chrysler,2000
WBAUN93568V657797,del Sol,Maroon,Honda,1997
JN1AZ4EH5BM287544,X3,Teal,BMW,2008
1N6AF0LX0FN560038,Ion,Teal,Saturn,2003
1G6DW677270017207,Yukon XL 1500,Goldenrod,GMC,2006
WBAYE8C52ED605113,Caliber,Khaki,Dodge,2012
1N6AD0CU9BC763110,Express 2500,Teal,Chevrolet,2008
WBA3N3C5XEF812690,Cutlass Cruiser,Crimson,Oldsmobile,1993
WP1AA2A29EL036073,CL-Class,Indigo,Mercedes-Benz,2001
5FNYF3H2XBB693785,SC,Indigo,Lexus,1995
KL4CJFSB0DB296752,Mark VII,Goldenrod,Lincoln,1992
5TDBKRFH3ES831985,Cube,Violet,Nissan,2012
1GTN1TEX8DZ734283,Neon,Pink,Dodge,2001
JN1AV7AP8FM395141,4Runner,Red,Toyota,1997
WBAVL1C55DV128492,Yukon,Purple,GMC,2002
JHMZE2H56DS486875,Integra,Khaki,Acura,2001
5J8TB1H56CA084662,Amanti,Turquoise,Kia,2007
1N4AL2APXCC705710,LX,Aquamarine,Lexus,2002
1G4GE5ED0BF747750,GTI,Green,Volkswagen,1996
WAUFL44DX2N236180,240SX,Violet,Nissan,1998
1G6AH5S30F0716166,Discovery,Crimson,Land Rover,1998
4JGBF2FE7BA312668,Protege,Pink,Mazda,1998
WAUVT58E95A570085,Lancer,Red,Mitsubishi,2002
4USBU33576L153904,Challenger,Green,Mitsubishi,2002
JA32X8HWXDU978109,HHR,Teal,Chevrolet,2007
1D7RE3BK1BS565685,V50,Blue,Volvo,2006
1G4GG5G32CF932947,Rogue,Goldenrod,Nissan,2011
1FTSW3B58AE432760,E-Class,Fuscia,Mercedes-Benz,1993
SALWR2TF6FA595234,IS,Fuscia,Lexus,2004
WVGAV7AX4BW313400,Grand Prix,Yellow,Pontiac,1999
WAUPL58E45A039174,Savana 2500,Goldenrod,GMC,2002
WAUDFAFL6FN061420,Pathfinder,Mauv,Nissan,2009
WBANV135X9B819374,Ridgeline,Red,Honda,2009
WAUHFBFL6BN385842,Esprit,Indigo,Lotus,1989
2T1BU4EE4DC966226,Grand Am,Indigo,Pontiac,1992
WBAVA33517K416386,2500,Khaki,Chevrolet,1996
KNDJN2A25E7555994,Commander,Pink,Jeep,2006
3A4GY5F91AT207022,Avalanche 2500,Puce,Chevrolet,2004
19XFA1E80BE676258,F150,Orange,Ford,2008
1B3CC4FB0AN131956,Silverado 3500,Fuscia,Chevrolet,2007
4T1BD1FK3FU815947,900,Blue,Saab,1997
2FMGK5B82FB004138,Villager,Crimson,Mercury,1999
WAULK98KX9A888536,LS,Pink,Lexus,1996
2C4RDGBG5DR821752,X-90,Puce,Suzuki,1998
1N4AB7AP4DN758182,Fox,Turquoise,Volkswagen,1992
1G4GL5G31DF907597,DTS,Khaki,Cadillac,2008
1FTEW1CM7DK713624,Explorer Sport Trac,Aquamarine,Ford,2001
JM1NC2NF7E0681948,Skyhawk,Maroon,Buick,1989
1GYS4FEJ2DR349724,Countryman,Maroon,MINI,2012
1FTMF1EW1AF213196,Tundra,Fuscia,Toyota,2005
WAUHF78P78A703917,Aveo,Goldenrod,Chevrolet,2009
2FMGK5DC3AB613829,Tiburon,Orange,Hyundai,1997
KL4CJCSB3DB595098,Prowler,Khaki,Plymouth,2000
JN1AJ0HP2CM241626,Lanos,Indigo,Daewoo,2002
2HNYD28458H986251,RX-7,Goldenrod,Mazda,1986
1G6AH5R34E0687548,A5,Violet,Audi,2012
1G6AY5S34E0350291,F150,Fuscia,Ford,2004
WA1LGBFE7BD979920,900,Violet,Saab,1995
WBAYF8C5XFD934754,Colt,Purple,Plymouth,1992
1FTEW1C80AK342997,4Runner,Yellow,Toyota,2002
5J6TF2H54DL647880,Riviera,Fuscia,Buick,1998
WVWAB7AJ0CW177356,Quattroporte,Yellow,Maserati,1985
WBAKG1C57CE550754,Grand Marquis,Crimson,Mercury,1986
1FTEW1C84AK881820,Elantra,Violet,Hyundai,2006
5TFBM5F17AX062403,Civic,Puce,Honda,2002
WAUDGAFL9BA722212,Explorer Sport Trac,Mauv,Ford,2009
WA1WKAFP4BA223910,Catera,Green,Cadillac,1997
WBAHL035X6D547387,S-Class,Turquoise,Mercedes-Benz,1988
JH4DC54864S750565,Avalanche 2500,Aquamarine,Chevrolet,2002
1G6DF8E56E0457411,Civic,Turquoise,Honda,1985
WBAPH53529A732145,Taurus,Teal,Ford,2013
1N4AL2AP5BC851236,Crown Victoria,Teal,Ford,2002
1YVHZ8BH1C5096216,Sidekick,Aquamarine,Suzuki,1998
WBAWL7C51AP706448,Corvette,Goldenrod,Chevrolet,1953
ZHWGU5BR6EL596837,XT,Indigo,Subaru,1985
WUADUAFG9EN626532,Coachbuilder,Aquamarine,Buick,1990
3GYFNCE31CS999283,SSR,Teal,Chevrolet,2006
1FAHP3CN7AW815579,CLK-Class,Puce,Mercedes-Benz,1998
WBA6A0C53FD743961,xD,Red,Scion,2010
JM3ER2A59C0099723,DBS,Indigo,Aston Martin,2012
WAUUFAFH4AN925353,F150,Khaki,Ford,2006
JA32U2FU0EU576768,V50,Violet,Volvo,2008
SALAB2D4XDA470472,Rodeo Sport,Mauv,Isuzu,2002
1N6AA0EC1DN868406,Neon,Yellow,Dodge,1997
1FTEX1E82AF803099,Daytona,Mauv,Dodge,1992
3VW517AT3FM241199,2500 Club Coupe,Crimson,GMC,1994
WAUGL98E07A751529,Range Rover Classic,Teal,Land Rover,1993
JN8AF5MR1ET630290,VUE,Blue,Saturn,2009
1GD020CG6CF363855,Fiesta,Pink,Ford,2011
WBAFU9C51CD848005,Solstice,Green,Pontiac,2007
WAUJC68E55A519722,Cougar,Yellow,Mercury,1986
KNAGG4A85A5196279,Riviera,Aquamarine,Buick,1987
KNAFT4A2XA5802582,Legend,Pink,Acura,1987
1D7CE3GK2AS450719,Mystique,Indigo,Mercury,1997
1FTEW1E88AF998760,Cooper,Pink,MINI,2003
WBAKN9C58ED847447,Esteem,Mauv,Suzuki,2001
2HNYD18621H919513,Cooper,Orange,MINI,2007
WAUEFBFL4CN479514,Accord,Orange,Honda,2005
1GYEK63NX6R241668,Azure,Puce,Bentley,2007
3GYFNBE38ES185712,300M,Blue,Chrysler,2002
1FTEX1CW8AF595344,Prowler,Pink,Plymouth,1997
WAUVT58E05A812679,228,Turquoise,Maserati,1989
WBALZ5C53CD628121,Endeavor,Pink,Mitsubishi,2011
2G4GV5GV4D9944793,SVX,Yellow,Subaru,1997
1G6AB5SX0D0487506,Range Rover,Orange,Land Rover,2000
JH4CU2E63AC305842,Element,Goldenrod,Honda,2003
SALCT2BG7FH786568,Pajero,Puce,Mitsubishi,1984
1G6KE54Y84U235044,Dakota,Turquoise,Dodge,2004
2C3CDXHG9FH215266,Focus,Mauv,Ford,2009
JN1BY1PP0FM587699,F350,Orange,Ford,2008
JN1CV6EK1DM285756,Yukon,Mauv,GMC,2002
3VW507AT0EM231165,LS,Pink,Lexus,2007
KMHTC6ADXDU176024,LHS,Mauv,Chrysler,1994
WAUFFAFL4EA918574,SJ,Goldenrod,Suzuki,1995
3FA6P0LU0ER369524,Camry Hybrid,Puce,Toyota,2007
1C4RJEAG7FC662937,F-Series Super Duty,Green,Ford,2008
3D73Y3CL4BG812905,Grand Caravan,Violet,Dodge,1992
WUADNAFG0AN721861,Coachbuilder,Aquamarine,Buick,1990
1GYS4BEF0CR504130,Aveo,Fuscia,Chevrolet,2004
WBA3N5C56FK392267,Matrix,Indigo,Toyota,2006
1G6DS8ED4B0343115,Avenger,Orange,Dodge,1995
WDCYC3HF1AX124298,Gallardo,Green,Lamborghini,2009
WAUDK78T98A862994,Silverado 1500,Pink,Chevrolet,2011